﻿<?xml version="1.0" encoding="ISO-8859-1"?>
<root>
	<item id="Title"><![CDATA[Discuz! Plugin]]></item>
	<item id="version"><![CDATA[X3.2,X3.1,X3,X2.5,X2]]></item>
	<item id="Time"><![CDATA[2015-12-08 07:34]]></item>
	<item id="From"><![CDATA[jimzhong (http://www.codeeel.com/)]]></item>
	<item id="Data">
		<item id="plugin">
			<item id="available"><![CDATA[1]]></item>
			<item id="adminid"><![CDATA[1]]></item>
			<item id="name"><![CDATA[LDAPPASS]]></item>
			<item id="identifier"><![CDATA[ldap_pass]]></item>
			<item id="description"><![CDATA[]]></item>
			<item id="datatables"><![CDATA[]]></item>
			<item id="directory"><![CDATA[ldap_pass/]]></item>
			<item id="copyright"><![CDATA[jimzhong（mail@codeeel.com）]]></item>
			<item id="version"><![CDATA[1.1.0]]></item>
			<item id="__modules">
				<item id="0">
					<item id="name"><![CDATA[pass]]></item>
					<item id="menu"><![CDATA[]]></item>
					<item id="url"><![CDATA[]]></item>
					<item id="type"><![CDATA[11]]></item>
					<item id="adminid"><![CDATA[0]]></item>
					<item id="displayorder"><![CDATA[0]]></item>
					<item id="navtitle"><![CDATA[]]></item>
					<item id="navicon"><![CDATA[]]></item>
					<item id="navsubname"><![CDATA[]]></item>
					<item id="navsuburl"><![CDATA[]]></item>
				</item>
			</item>
		</item>
		<item id="version"><![CDATA[X3.2,X3.1,X3,X2.5,X2]]></item>
		<item id="var">
			<item id="0">
				<item id="displayorder"><![CDATA[0]]></item>
				<item id="title"><![CDATA[打开LDAPPASS]]></item>
				<item id="description"><![CDATA[开启插件条件:全局>站点功能>其他>启用登录密码加密 OFF]]></item>
				<item id="variable"><![CDATA[pass_open]]></item>
				<item id="type"><![CDATA[radio]]></item>
				<item id="value"><![CDATA[1]]></item>
				<item id="extra"><![CDATA[]]></item>
			</item>
			<item id="1">
				<item id="displayorder"><![CDATA[3]]></item>
				<item id="title"><![CDATA[主机]]></item>
				<item id="description"><![CDATA[LDAP主机地址]]></item>
				<item id="variable"><![CDATA[hosts]]></item>
				<item id="type"><![CDATA[text]]></item>
				<item id="value"><![CDATA[127.0.0.1]]></item>
				<item id="extra"><![CDATA[]]></item>
			</item>
			<item id="2">
				<item id="displayorder"><![CDATA[4]]></item>
				<item id="title"><![CDATA[端口]]></item>
				<item id="description"><![CDATA[端口号，默认：389]]></item>
				<item id="variable"><![CDATA[ports]]></item>
				<item id="type"><![CDATA[text]]></item>
				<item id="value"><![CDATA[389]]></item>
				<item id="extra"><![CDATA[]]></item>
			</item>
			<item id="3">
				<item id="displayorder"><![CDATA[5]]></item>
				<item id="title"><![CDATA[LDAPS]]></item>
				<item id="description"><![CDATA[是否LDAPS，默认：否]]></item>
				<item id="variable"><![CDATA[ldaps]]></item>
				<item id="type"><![CDATA[radio]]></item>
				<item id="value"><![CDATA[0]]></item>
				<item id="extra"><![CDATA[]]></item>
			</item>
			<item id="4">
				<item id="displayorder"><![CDATA[6]]></item>
				<item id="title"><![CDATA[帐号]]></item>
				<item id="description"><![CDATA[域控制器帐号]]></item>
				<item id="variable"><![CDATA[account]]></item>
				<item id="type"><![CDATA[text]]></item>
				<item id="value"><![CDATA[]]></item>
				<item id="extra"><![CDATA[]]></item>
			</item>
			<item id="5">
				<item id="displayorder"><![CDATA[7]]></item>
				<item id="title"><![CDATA[密码]]></item>
				<item id="description"><![CDATA[域控制器密码]]></item>
				<item id="variable"><![CDATA[password]]></item>
				<item id="type"><![CDATA[text]]></item>
				<item id="value"><![CDATA[]]></item>
				<item id="extra"><![CDATA[]]></item>
			</item>
			<item id="6">
				<item id="displayorder"><![CDATA[8]]></item>
				<item id="title"><![CDATA[Base DN 例如：cn=users,dc=example,dc=com]]></item>
				<item id="description"><![CDATA[base DN]]></item>
				<item id="variable"><![CDATA[dn]]></item>
				<item id="type"><![CDATA[text]]></item>
				<item id="value"><![CDATA[dc=,dc=]]></item>
				<item id="extra"><![CDATA[]]></item>
			</item>
			<item id="7">
				<item id="displayorder"><![CDATA[9]]></item>
				<item id="title"><![CDATA[LDAP 过滤器]]></item>
				<item id="description"><![CDATA[作为ad帐号返回数据中字段的过滤条件，满足条件时返回数据
例如;title=xx]]></item>
				<item id="variable"><![CDATA[filter]]></item>
				<item id="type"><![CDATA[text]]></item>
				<item id="value"><![CDATA[]]></item>
				<item id="extra"><![CDATA[]]></item>
			</item>
			<item id="8">
				<item id="displayorder"><![CDATA[10]]></item>
				<item id="title"><![CDATA[超时]]></item>
				<item id="description"><![CDATA[超时时间]]></item>
				<item id="variable"><![CDATA[timeout]]></item>
				<item id="type"><![CDATA[number]]></item>
				<item id="value"><![CDATA[1000]]></item>
				<item id="extra"><![CDATA[]]></item>
			</item>
			<item id="9">
				<item id="displayorder"><![CDATA[11]]></item>
				<item id="title"><![CDATA[登录名]]></item>
				<item id="description"><![CDATA[登录名 samaccountname]]></item>
				<item id="variable"><![CDATA[samaccountname]]></item>
				<item id="type"><![CDATA[text]]></item>
				<item id="value"><![CDATA[samaccountname]]></item>
				<item id="extra"><![CDATA[]]></item>
			</item>
			<item id="10">
				<item id="displayorder"><![CDATA[12]]></item>
				<item id="title"><![CDATA[姓属性]]></item>
				<item id="description"><![CDATA[姓属性]]></item>
				<item id="variable"><![CDATA[sn]]></item>
				<item id="type"><![CDATA[text]]></item>
				<item id="value"><![CDATA[sn]]></item>
				<item id="extra"><![CDATA[]]></item>
			</item>
			<item id="11">
				<item id="displayorder"><![CDATA[13]]></item>
				<item id="title"><![CDATA[名属性]]></item>
				<item id="description"><![CDATA[名属性]]></item>
				<item id="variable"><![CDATA[givenName]]></item>
				<item id="type"><![CDATA[text]]></item>
				<item id="value"><![CDATA[givenName]]></item>
				<item id="extra"><![CDATA[]]></item>
			</item>
			<item id="12">
				<item id="displayorder"><![CDATA[14]]></item>
				<item id="title"><![CDATA[邮件属性]]></item>
				<item id="description"><![CDATA[邮件属性]]></item>
				<item id="variable"><![CDATA[mail]]></item>
				<item id="type"><![CDATA[text]]></item>
				<item id="value"><![CDATA[mail]]></item>
				<item id="extra"><![CDATA[]]></item>
			</item>
			<item id="13">
				<item id="displayorder"><![CDATA[15]]></item>
				<item id="title"><![CDATA[昵称]]></item>
				<item id="description"><![CDATA[昵称属性]]></item>
				<item id="variable"><![CDATA[mailnickname]]></item>
				<item id="type"><![CDATA[text]]></item>
				<item id="value"><![CDATA[mailnickname]]></item>
				<item id="extra"><![CDATA[]]></item>
			</item>
			<item id="14">
				<item id="displayorder"><![CDATA[16]]></item>
				<item id="title"><![CDATA[电话]]></item>
				<item id="description"><![CDATA[电话属性]]></item>
				<item id="variable"><![CDATA[mobile]]></item>
				<item id="type"><![CDATA[text]]></item>
				<item id="value"><![CDATA[mobile]]></item>
				<item id="extra"><![CDATA[]]></item>
			</item>
		</item>
		<item id="installfile"><![CDATA[install.php]]></item>
	</item>
</root>